partido,Media,Rango menor,Rango mayor,predictions,predictions_1,predictions_2,predictions_3,predictions_4,predictions_5,predictions_6,predictions_7,predictions_8,predictions_9,predictions_10,predictions_11,predictions_12,predictions_13,predictions_14,predictions_15,predictions_16,predictions_17,predictions_18,predictions_19,predictions_20,predictions_21,predictions_22,predictions_23,predictions_24,predictions_25,predictions_26,predictions_27,predictions_28,predictions_29,predictions_30,predictions_31,predictions_32,predictions_33,predictions_34,predictions_35,predictions_36,predictions_37,predictions_38,predictions_39,predictions_40,predictions_41,predictions_42,predictions_43,predictions_44,predictions_45,predictions_46,predictions_47,predictions_48,predictions_49,predictions_50,predictions_51,predictions_52,predictions_53,predictions_54,predictions_55,predictions_56,predictions_57,predictions_58,predictions_59,predictions_60,predictions_61,predictions_62,predictions_63,predictions_64,predictions_65,predictions_66,predictions_67,predictions_68,predictions_69,predictions_70,predictions_71,predictions_72,predictions_73,predictions_74,predictions_75,predictions_76,predictions_77,predictions_78,predictions_79,predictions_80,predictions_81,predictions_82,predictions_83,predictions_84,predictions_85,predictions_86,predictions_87,predictions_88,predictions_89,predictions_90,predictions_91,predictions_92,predictions_93,predictions_94,predictions_95,predictions_96,predictions_97,predictions_98,predictions_99,predictions_100,predictions_101,predictions_102,predictions_103,predictions_104,predictions_105,predictions_106,predictions_107,predictions_108,predictions_109,predictions_110,predictions_111,predictions_112,predictions_113,predictions_114,predictions_115,predictions_116,predictions_117,predictions_118,predictions_119,predictions_120,predictions_121,predictions_122,predictions_123,predictions_124,predictions_125,predictions_126,predictions_127,predictions_128,predictions_129,predictions_130,predictions_131,predictions_132,predictions_133,predictions_134,predictions_135,predictions_136,predictions_137,predictions_138,predictions_139,predictions_140,predictions_141,predictions_142,predictions_143,predictions_144,predictions_145,predictions_146,predictions_147,predictions_148,predictions_149,predictions_150,predictions_151,predictions_152,predictions_153,predictions_154,predictions_155,predictions_156,predictions_157,predictions_158,predictions_159,predictions_160,predictions_161,predictions_162,predictions_163,predictions_164,predictions_165,predictions_166,predictions_167,predictions_168,predictions_169,predictions_170,predictions_171,predictions_172,predictions_173,predictions_174,predictions_175,predictions_176,predictions_177,predictions_178,predictions_179,predictions_180,predictions_181,predictions_182,predictions_183,predictions_184,predictions_185,predictions_186,predictions_187,predictions_188,predictions_189,predictions_190,predictions_191,predictions_192,predictions_193,predictions_194,predictions_195,predictions_196,predictions_197,predictions_198,predictions_199,predictions_200,predictions_201,predictions_202,predictions_203,predictions_204,predictions_205,predictions_206,predictions_207,predictions_208,predictions_209,predictions_210,predictions_211,predictions_212,predictions_213,predictions_214,predictions_215,predictions_216,predictions_217,predictions_218,predictions_219,predictions_220,predictions_221,predictions_222,predictions_223,predictions_224,predictions_225,predictions_226,predictions_227,predictions_228,predictions_229,predictions_230,predictions_231,predictions_232,predictions_233,predictions_234,predictions_235,predictions_236,predictions_237,predictions_238,predictions_239,predictions_240,predictions_241,predictions_242,predictions_243,predictions_244,predictions_245,predictions_246,predictions_247,predictions_248,predictions_249,predictions_250,predictions_251,predictions_252,predictions_253,predictions_254,predictions_255,predictions_256,predictions_257,predictions_258,predictions_259,predictions_260,predictions_261,predictions_262,predictions_263,predictions_264,predictions_265,predictions_266,predictions_267,predictions_268,predictions_269,predictions_270,predictions_271,predictions_272,predictions_273,predictions_274,predictions_275,predictions_276,predictions_277,predictions_278,predictions_279,predictions_280,predictions_281,predictions_282,predictions_283,predictions_284,predictions_285,predictions_286,predictions_287,predictions_288,predictions_289,predictions_290,predictions_291,predictions_292,predictions_293,predictions_294,predictions_295,predictions_296,predictions_297,predictions_298,predictions_299,predictions_300
MORENA,0.401780700,36.65%,43.70%,0.419405639,0.393453151,0.419405639,0.419405639,0.382707179,0.386878461,0.412830949,0.370837003,0.356754810,0.382707179,0.382707179,0.417824388,0.415855736,0.417824388,0.370837003,0.412830949,0.370837003,0.417824388,0.382707179,0.417824388,0.391871899,0.382707179,0.391871899,0.417824388,0.412830949,0.419405639,0.419405639,0.356754810,0.393453151,0.386878461,0.356754810,0.419405639,0.412830949,0.356754810,0.419405639,0.382707179,0.382707179,0.417824388,0.419405639,0.385699004,0.417824388,0.370837003,0.393453151,0.417824388,0.386878461,0.382707179,0.386878461,0.382707179,0.382707179,0.417824388,0.420816183,0.412830949,0.382707179,0.393453151,0.391871899,0.419405639,0.419405639,0.419405639,0.419405639,0.419405639,0.356754810,0.386878461,0.417824388,0.419405639,0.419405639,0.382707179,0.344884515,0.412830949,0.370837003,0.386878461,0.344884515,0.370837003,0.419405639,0.422397435,0.417824388,0.417824388,0.419405639,0.382707179,0.419405639,0.382707179,0.356754810,0.417824388,0.370837003,0.415855736,0.417824388,0.356754810,0.412830949,0.419405639,0.419405639,0.419405639,0.393453151,0.386878461,0.417824388,0.382707179,0.393453151,0.417824388,0.391871899,0.391871899,0.419405639,0.420816183,0.419405639,0.420816183,0.412830949,0.412830949,0.370837003,0.391871899,0.386878461,0.393453151,0.419405639,0.356754810,0.412830949,0.419405639,0.422397435,0.344884515,0.344884515,0.419405639,0.419405639,0.419405639,0.391871899,0.422397435,0.412830949,0.422397435,0.391871899,0.382707179,0.370837003,0.370837003,0.419405639,0.391871899,0.386878461,0.393453151,0.419405639,0.422397435,0.417824388,0.419405639,0.412830949,0.393453151,0.417824388,0.419405639,0.412830949,0.412830949,0.356754810,0.417824388,0.373828709,0.417824388,0.412830949,0.356754810,0.382707179,0.382707179,0.419405639,0.382707179,0.419405639,0.420816183,0.382707179,0.419405639,0.419405639,0.417824388,0.419405639,0.417824388,0.386878461,0.393453151,0.382707179,0.412830949,0.419405639,0.393453151,0.420816183,0.412830949,0.385699004,0.415855736,0.391871899,0.382707179,0.417824388,0.419405639,0.422397435,0.373828709,0.419405639,0.370837003,0.419405639,0.393453151,0.386878461,0.419405639,0.417824388,0.419405639,0.393453151,0.419405639,0.419405639,0.422397435,0.419405639,0.417824388,0.419405639,0.412830949,0.417824388,0.422397435,0.391871899,0.419405639,0.386878461,0.370837003,0.373828709,0.419405639,0.419405639,0.417824388,0.420816183,0.344884515,0.412830949,0.419405639,0.417824388,0.420816183,0.419405639,0.417824388,0.412830949,0.419405639,0.417824388,0.422397435,0.370837003,0.419405639,0.417824388,0.370837003,0.373828709,0.393453151,0.417824388,0.417824388,0.344884515,0.370837003,0.385699004,0.419405639,0.385699004,0.422397435,0.419405639,0.415855736,0.419405639,0.419405639,0.382707179,0.417824388,0.391871899,0.373828709,0.417824388,0.386878461,0.419405639,0.417824388,0.382707179,0.386878461,0.417824388,0.382707179,0.422397435,0.393453151,0.417824388,0.419405639,0.417824388,0.412830949,0.420816183,0.370837003,0.417824388,0.356754810,0.419405639,0.422397435,0.370837003,0.382707179,0.419405639,0.419405639,0.412830949,0.417824388,0.370837003,0.417824388,0.419405639,0.419405639,0.370837003,0.370837003,0.417824388,0.417824388,0.415855736,0.417824388,0.391871899,0.344884515,0.422397435,0.417824388,0.393453151,0.422397435,0.370837003,0.412830949,0.393453151,0.382707179,0.417824388,0.420816183,0.393453151,0.393453151,0.385699004,0.419405639,0.393453151,0.422397435,0.344884515,0.417824388,0.393453151,0.412830949,0.415855736,0.420816183,0.417824388,0.391871899,0.419405639,0.417824388,0.419405639,0.419405639,0.391871899
PRI,0.149684736,5.69%,24.25%,0.191430122,0.191430122,0.177092642,0.077064097,0.191664129,0.076780587,0.076496750,0.197028816,0.188539743,0.191947967,0.067104548,0.076780260,0.197028816,0.191664129,0.076780587,0.191430122,0.191947967,0.177092642,0.191664129,0.191430122,0.076496750,0.197193295,0.191430122,0.076780260,0.178835660,0.185301811,0.066684276,0.178406298,0.197028816,0.183558792,0.066684276,0.197193295,0.190376192,0.191947967,0.065783024,0.191664129,0.191664129,0.197193295,0.081021756,0.066400766,0.076496750,0.067104548,0.081021756,0.191664129,0.188539743,0.191664129,0.197477132,0.197477132,0.190376192,0.067412466,0.176474899,0.067412466,0.189157486,0.081021756,0.191664129,0.191947967,0.190376192,0.066684276,0.067412466,0.066066533,0.067128956,0.191430122,0.197193295,0.191430122,0.067388386,0.197193295,0.191664129,0.185301811,0.067128956,0.076780260,0.076780260,0.066066533,0.191430122,0.067388386,0.177092642,0.191664129,0.067388386,0.185301811,0.197193295,0.191430122,0.197028816,0.189157486,0.190376192,0.176474899,0.197477132,0.081021756,0.066684276,0.067128956,0.197193295,0.191664129,0.191430122,0.065783024,0.075827301,0.191947967,0.197193295,0.191430122,0.065783024,0.191664129,0.067104548,0.197028816,0.080738246,0.191947967,0.191664129,0.191664129,0.176474899,0.183558792,0.191430122,0.178406298,0.067104548,0.197193295,0.191664129,0.191430122,0.197477132,0.071346045,0.191430122,0.177092642,0.191430122,0.076496750,0.191430122,0.191430122,0.176474899,0.191430122,0.076780260,0.191430122,0.177092642,0.065783024,0.197193295,0.075827301,0.191664129,0.189157486,0.076496750,0.177092642,0.081021756,0.067412466,0.075827301,0.076496750,0.191947967,0.191430122,0.197028816,0.191430122,0.197028816,0.076780260,0.191664129,0.191430122,0.191664129,0.185301811,0.066400766,0.076780587,0.191430122,0.076496750,0.067128956,0.066684276,0.185301811,0.177092642,0.065783024,0.191664129,0.182941049,0.197193295,0.191664129,0.080738246,0.191947967,0.066400766,0.191430122,0.178406298,0.197028816,0.067128956,0.190376192,0.067412466,0.066400766,0.197028816,0.189157486,0.191664129,0.191664129,0.178406298,0.183558792,0.067128956,0.178406298,0.076496750,0.063765943,0.185301811,0.191430122,0.191664129,0.197193295,0.191430122,0.191664129,0.077064097,0.076780260,0.185301811,0.081021756,0.066400766,0.176474899,0.076496750,0.191430122,0.191664129,0.076780587,0.197477132,0.191947967,0.191430122,0.191947967,0.065783024,0.067104548,0.191664129,0.191947967,0.197193295,0.080738246,0.191664129,0.191947967,0.197477132,0.189157486,0.197193295,0.191664129,0.191947967,0.081021756,0.065783024,0.065783024,0.191664129,0.189157486,0.176474899,0.183558792,0.191430122,0.076496750,0.191947967,0.191947967,0.065783024,0.197193295,0.075827301,0.185301811,0.075827301,0.182941049,0.178835660,0.177092642,0.191430122,0.191430122,0.183558792,0.066684276,0.066684276,0.191664129,0.183558792,0.065783024,0.191947967,0.178406298,0.191430122,0.182941049,0.067412466,0.191664129,0.065783024,0.065783024,0.189157486,0.067412466,0.081021756,0.191664129,0.191664129,0.077064097,0.191430122,0.185301811,0.191430122,0.191430122,0.183558792,0.189157486,0.076780260,0.197477132,0.197193295,0.191430122,0.076780260,0.189157486,0.066066533,0.067412466,0.191664129,0.191430122,0.076780260,0.183558792,0.178835660,0.191430122,0.188539743,0.197028816,0.071346045,0.191430122,0.191430122,0.191947967,0.197193295,0.197028816,0.077064097,0.191430122,0.197193295,0.191430122,0.076496750,0.071346045,0.077064097,0.191664129,0.076496750,0.191947967,0.197477132,0.076496750,0.191430122,0.197193295,0.191664129,0.191947967,0.076780260,0.191664129,0.067128956,0.191664129
PAN,0.173531032,17.00%,17.71%,0.174968451,0.174968451,0.173878610,0.174968451,0.174968451,0.169894069,0.172570795,0.174968451,0.169894069,0.174968451,0.174968451,0.173878610,0.173878610,0.169894069,0.174968451,0.174968451,0.174968451,0.174968451,0.173878610,0.172570795,0.174968451,0.173878610,0.172570795,0.174968451,0.174968451,0.169894069,0.174968451,0.173878610,0.174968451,0.173878610,0.172570795,0.174968451,0.174968451,0.174968451,0.174968451,0.174968451,0.174968451,0.169894069,0.174968451,0.174968451,0.169894069,0.174968451,0.174968451,0.174968451,0.174968451,0.173878610,0.173878610,0.172570795,0.172570795,0.169894069,0.174968451,0.172570795,0.174968451,0.174968451,0.174968451,0.174968451,0.169894069,0.174968451,0.172570795,0.167496413,0.173878610,0.174968451,0.169894069,0.173878610,0.174968451,0.174968451,0.174968451,0.174968451,0.169894069,0.169894069,0.173878610,0.169894069,0.174968451,0.174968451,0.168804228,0.174968451,0.173878610,0.172570795,0.173878610,0.174968451,0.174968451,0.169894069,0.174968451,0.174968451,0.174968451,0.174968451,0.174968451,0.174968451,0.174968451,0.169894069,0.169894069,0.174968451,0.174968451,0.168804228,0.173878610,0.174968451,0.172570795,0.174968451,0.173878610,0.168804228,0.169894069,0.174968451,0.174968451,0.174968451,0.173878610,0.174968451,0.174968451,0.174968451,0.174968451,0.174968451,0.172570795,0.174968451,0.169894069,0.174968451,0.172570795,0.174968451,0.174968451,0.172570795,0.174968451,0.174968451,0.174968451,0.169894069,0.174968451,0.168804228,0.174968451,0.169894069,0.169894069,0.174968451,0.167496413,0.174968451,0.174968451,0.174968451,0.172570795,0.174968451,0.168804228,0.174968451,0.174968451,0.169894069,0.174968451,0.167496413,0.174968451,0.169894069,0.169894069,0.169894069,0.173878610,0.174968451,0.173878610,0.172570795,0.174968451,0.174968451,0.174968451,0.174968451,0.174968451,0.172570795,0.172570795,0.174968451,0.174968451,0.174968451,0.173878610,0.169894069,0.174968451,0.174968451,0.169894069,0.173878610,0.174968451,0.174968451,0.174968451,0.169894069,0.172570795,0.174968451,0.167496413,0.172570795,0.174968451,0.174968451,0.174968451,0.172570795,0.172570795,0.172570795,0.174968451,0.174968451,0.174968451,0.169894069,0.174968451,0.169894069,0.174968451,0.172570795,0.174968451,0.172570795,0.174968451,0.174968451,0.174968451,0.174968451,0.174968451,0.174968451,0.174968451,0.174968451,0.168804228,0.174968451,0.174968451,0.174968451,0.174968451,0.169894069,0.174968451,0.173878610,0.172570795,0.167496413,0.172570795,0.173878610,0.174968451,0.174968451,0.174968451,0.174968451,0.174968451,0.172570795,0.173878610,0.174968451,0.174968451,0.169894069,0.174968451,0.174968451,0.174968451,0.174968451,0.174968451,0.174968451,0.174968451,0.173878610,0.174968451,0.174968451,0.173878610,0.174968451,0.169894069,0.174968451,0.174968451,0.169894069,0.174968451,0.169894069,0.167496413,0.174968451,0.169894069,0.174968451,0.174968451,0.169894069,0.174968451,0.172570795,0.174968451,0.174968451,0.174968451,0.173878610,0.174968451,0.174968451,0.174968451,0.174968451,0.174968451,0.172570795,0.174968451,0.174968451,0.169894069,0.174968451,0.174968451,0.172570795,0.172570795,0.169894069,0.174968451,0.174968451,0.172570795,0.167496413,0.174968451,0.168804228,0.173878610,0.174968451,0.174968451,0.174968451,0.173878610,0.169894069,0.174968451,0.172570795,0.174968451,0.174968451,0.174968451,0.174968451,0.174968451,0.172570795,0.173878610,0.169894069,0.174968451,0.174968451,0.174968451,0.172570795,0.174968451,0.169894069,0.174968451,0.169894069,0.174968451,0.174968451,0.169894069,0.174968451,0.174968451,0.174968451,0.174968451,0.174968451,0.172570795
MC,0.051816245,1.23%,9.14%,0.066663861,0.066996187,0.009878546,0.061049253,0.013952792,0.066996187,0.069053680,0.066663861,0.009878546,0.059768438,0.066663861,0.061049253,0.061049253,0.066663861,0.002983332,0.066996187,0.009878546,0.063823164,0.066663861,0.061977416,0.066663861,0.066524655,0.061977416,0.063823164,0.061049253,0.002983332,0.061977416,0.066663861,0.063823164,0.066663861,0.009878546,0.066996187,0.066996187,0.009878546,0.059768438,0.066663861,0.009878546,0.013952792,0.054153860,0.059768438,0.009878546,0.066663861,0.059768438,0.066663861,0.064751297,0.066663861,0.063823164,0.009878546,0.059768438,0.059768438,0.061977416,0.009878546,0.059768438,0.009878546,0.061977416,0.066663861,0.063823164,0.059768438,0.066996187,0.061977416,0.002983332,0.073414832,0.054153860,0.059768438,0.061049253,0.009878546,0.066663861,0.061049253,0.066663861,0.073414832,0.066996187,0.073414832,0.069053680,0.066663861,0.066663861,0.066663861,0.061049253,0.078722984,0.073414832,0.059768438,0.066524655,0.066663861,0.002983332,0.061049253,0.009878546,0.059768438,0.013952792,0.002983332,0.054153860,0.055081993,0.061049253,0.066663861,0.009878546,0.073414832,0.066663861,0.009878546,0.066996187,0.061049253,0.063823164,0.061049253,0.013952792,0.009878546,0.066996187,0.009878546,0.066663861,0.002983332,0.066663861,0.061049253,0.066663861,0.069053680,0.063823164,0.066663861,0.066663861,0.002983332,0.076796889,0.061049253,0.061049253,0.063823164,0.066996187,0.066663861,0.073414832,0.066663861,0.061049253,0.061049253,0.066663861,0.061049253,0.076796889,0.066663861,0.066663861,0.009878546,0.013952792,0.066663861,0.066524655,0.066663861,0.066524655,0.066663861,0.013952792,0.066663861,0.002983332,0.073414832,0.002983332,0.013952792,0.066663861,0.061977416,0.076796889,0.009878546,0.054153860,0.066663861,0.002983332,0.066663861,0.061977416,0.066663861,0.066663861,0.066663861,0.073414832,0.059768438,0.002983332,0.073414832,0.066663861,0.066663861,0.009878546,0.063823164,0.009878546,0.064751297,0.066524655,0.059768438,0.059768438,0.059768438,0.061049253,0.009878546,0.009878546,0.002983332,0.009878546,0.059768438,0.061977416,0.066663861,0.009878546,0.002983332,0.066663861,0.059768438,0.059768438,0.061049253,0.066663861,0.002983332,0.013952792,0.066663861,0.054153860,0.066663861,0.009878546,0.061049253,0.055081993,0.069053680,0.009878546,0.066524655,0.066663861,0.002983332,0.061977416,0.066663861,0.061977416,0.013952792,0.059768438,0.059768438,0.059768438,0.002983332,0.054153860,0.066663861,0.066663861,0.073414832,0.066663861,0.066663861,0.073414832,0.059768438,0.061049253,0.066996187,0.066663861,0.059768438,0.061049253,0.013952792,0.066663861,0.059768438,0.002983332,0.002983332,0.059768438,0.066996187,0.002983332,0.066663861,0.009878546,0.061977416,0.066663861,0.059768438,0.055081993,0.073414832,0.066524655,0.066996187,0.013952792,0.061977416,0.054153860,0.054153860,0.066996187,0.066663861,0.009878546,0.066663861,0.059768438,0.066663861,0.066524655,0.066663861,0.059768438,0.069053680,0.061049253,0.059768438,0.066663861,0.066524655,0.066663861,0.054153860,0.061977416,0.073414832,0.066663861,0.066524655,0.061049253,0.066996187,0.059768438,0.009878546,0.002983332,0.066996187,0.066663861,0.002983332,0.066996187,0.002983332,0.066663861,0.066663861,0.059768438,0.073414832,0.002983332,0.066663861,0.059768438,0.066663861,0.059768438,0.059768438,0.061977416,0.061049253,0.066663861,0.063823164,0.066996187,0.066663861,0.066663861,0.059768438,0.002983332,0.066663861,0.061049253,0.013952792,0.061049253,0.066663861,0.009878546,0.063823164,0.059768438,0.073414832,0.009878546,0.073414832,0.009878546,0.066663861,0.061049253
OTROS,0.053526407,0.00%,11.51%,0.048598737,0.065941423,0.036183119,0.067760468,0.166196346,0.065607190,0.039785028,0.028838217,0.067476958,0.029445618,0.044144869,0.017030001,0.067760468,0.044144869,0.029445618,0.056650668,0.036183119,0.047063202,0.044144869,0.028838217,0.017030001,0.017030001,0.067760468,0.164888531,0.025919884,0.048598737,0.054126382,0.065941423,0.036183119,0.065323681,0.025919884,0.047063202,0.178731084,0.029445618,0.054126382,0.085709095,0.036183119,0.029445618,0.198832989,0.029445618,0.054126382,0.056650668,0.020652920,0.017030001,0.036183119,0.047063202,0.029445618,0.040516913,0.056650668,0.029445618,0.059670031,0.065607190,0.028838217,0.017030001,0.085709095,0.028838217,0.017030001,0.066224933,0.036183119,0.017030001,0.085425586,0.065607190,0.053842872,0.058741897,0.166196346,0.067760468,0.040516913,0.067760468,0.039785028,0.058741897,0.053842872,0.020652920,0.067476958,0.036183119,0.056367159,0.065607190,0.067760468,0.036183119,0.164888531,0.056650668,0.017030001,0.025919884,0.036183119,0.054126382,0.059670031,0.036183119,0.017030001,0.036183119,0.029445618,0.047991335,0.020652920,0.029445618,0.025919884,0.059670031,0.036183119,0.029445618,0.029445618,0.067476958,0.085425586,0.028838217,0.178731084,0.045073003,0.029445618,0.017030001,0.017030001,0.179348826,0.164888531,0.053842872,0.044144869,0.039785028,0.065323681,0.164888531,0.017030001,0.056367159,0.040516913,0.085425586,0.054126382,0.025919884,0.056650668,0.028838217,0.198832989,0.039785028,0.029445618,0.029445618,0.065607190,0.054126382,0.056650668,0.164888531,0.054126382,0.025919884,0.029445618,0.025919884,0.067476958,0.020652920,0.056650668,0.028838217,0.054126382,0.028838217,0.045073003,0.040516913,0.017030001,0.028838217,0.065607190,0.181469828,0.028838217,0.017030001,0.017030001,0.025919884,0.040516913,0.048598737,0.036183119,0.056650668,0.181469828,0.166196346,0.020652920,0.044144869,0.056650668,0.029445618,0.065607190,0.054126382,0.065941423,0.085709095,0.048598737,0.048598737,0.066224933,0.017030001,0.040516913,0.164888531,0.036183119,0.039785028,0.025919884,0.017030001,0.067476958,0.017030001,0.067760468,0.048598737,0.067476958,0.056650668,0.067476958,0.085425586,0.017030001,0.047991335,0.036183119,0.085425586,0.085425586,0.067760468,0.056367159,0.036183119,0.056650668,0.039785028,0.065323681,0.040516913,0.085425586,0.053842872,0.029445618,0.048598737,0.053842872,0.066224933,0.029445618,0.067760468,0.164888531,0.036183119,0.048598737,0.056367159,0.085709095,0.054126382,0.028838217,0.028838217,0.020652920,0.048598737,0.017030001,0.040516913,0.054126382,0.017030001,0.028838217,0.028838217,0.056367159,0.036183119,0.085425586,0.065941423,0.058741897,0.020652920,0.045073003,0.036183119,0.067760468,0.029445618,0.198832989,0.029445618,0.017030001,0.077965885,0.065941423,0.048598737,0.059670031,0.047063202,0.048598737,0.054126382,0.036183119,0.036183119,0.054126382,0.067476958,0.056650668,0.029445618,0.025919884,0.028838217,0.065607190,0.040516913,0.054126382,0.047991335,0.065941423,0.029445618,0.025919884,0.198832989,0.029445618,0.166196346,0.029445618,0.036183119,0.020652920,0.056650668,0.048598737,0.025919884,0.017030001,0.065607190,0.067760468,0.067760468,0.028838217,0.067760468,0.017030001,0.045073003,0.058741897,0.039785028,0.036183119,0.053842872,0.028838217,0.020652920,0.054126382,0.048598737,0.067760468,0.029445618,0.025919884,0.020652920,0.040516913,0.045073003,0.028838217,0.053842872,0.065323681,0.067476958,0.029445618,0.059670031,0.017030001,0.067760468,0.025919884,0.085709095,0.017030001,0.054126382,0.036183119,0.040516913,0.029445618,0.048598737,0.047063202,0.040516913,0.077965885
PVEM,0.075465872,0.00%,17.77%,0.042496204,0.024348110,0.168162286,0.007453650,0.027650833,0.053767949,0.045184344,0.057470411,0.153188080,0.042496204,0.044340044,0.157076269,0.153099537,0.053767949,0.042496204,0.005993873,0.168162286,0.057470411,0.005753458,0.044340044,0.168162286,0.152670175,0.024348110,0.045798928,0.005993873,0.042496204,0.027622581,0.031325042,0.026162803,0.042496204,0.003619283,0.045184344,0.027650833,0.153188080,0.027650833,0.024348110,0.057470411,0.045798928,0.011156112,0.027622581,0.027650833,0.044340044,0.044340044,0.157076269,0.045798928,0.023788214,0.023788214,0.003619283,0.042496204,0.005993873,0.026162803,0.153188080,0.157505631,0.031325042,0.153188080,0.028182477,0.028182477,0.046392828,0.157076269,0.153188080,0.057470411,0.027410418,0.044340044,0.042496204,0.053767949,0.027650833,0.052559465,0.042496204,0.152670175,0.045798928,0.026414096,0.042496204,0.168162286,0.024348110,0.168935329,0.042496204,0.027622581,0.031884938,0.024348110,0.007453650,0.024348110,0.026162803,0.168162286,0.168162286,0.152670175,0.042496204,0.153188080,0.053767949,0.153188080,0.045184344,0.026162803,0.045798928,0.007453650,0.024348110,0.153099537,0.168935329,0.028182477,0.152670175,0.042496204,0.168935329,0.168162286,0.052559465,0.157076269,0.044340044,0.042496204,0.024348110,0.153188080,0.152670175,0.011156112,0.157076269,0.044340044,0.157505631,0.005993873,0.042496204,0.042496204,0.026973993,0.003619283,0.027650833,0.042496204,0.153188080,0.003619283,0.031884938,0.031325042,0.053767949,0.153188080,0.157505631,0.011156112,0.168935329,0.157076269,0.168935329,0.153188080,0.027650833,0.024348110,0.050095290,0.157076269,0.168935329,0.027650833,0.026162803,0.005993873,0.153188080,0.168935329,0.042496204,0.168162286,0.157076269,0.157076269,0.003619283,0.153188080,0.168162286,0.024348110,0.053767949,0.168162286,0.045798928,0.053767949,0.153188080,0.152670175,0.044340044,0.025922388,0.026414096,0.027622581,0.028182477,0.024348110,0.168162286,0.152670175,0.168162286,0.052559465,0.044340044,0.003619283,0.168162286,0.053767949,0.027410418,0.005993873,0.168162286,0.005753458,0.153099537,0.027410418,0.152670175,0.025922388,0.053767949,0.168935329,0.153188080,0.027410418,0.168935329,0.157505631,0.168935329,0.044340044,0.153188080,0.005993873,0.045798928,0.053767949,0.168162286,0.157505631,0.157505631,0.052559465,0.045798928,0.153188080,0.027650833,0.045798928,0.157505631,0.157505631,0.045798928,0.046392828,0.042496204,0.023788214,0.042496204,0.006245166,0.153188080,0.168162286,0.011156112,0.168935329,0.027622581,0.027650833,0.028182477,0.005753458,0.042496204,0.005753458,0.153188080,0.168935329,0.153188080,0.157076269,0.053767949,0.153188080,0.057470411,0.006245166,0.005993873,0.024348110,0.003619283,0.031884938,0.044340044,0.046392828,0.026162803,0.168935329,0.007453650,0.168162286,0.057470411,0.005993873,0.042496204,0.153188080,0.168935329,0.027650833,0.027410418,0.005753458,0.024348110,0.003619283,0.023788214,0.023788214,0.027410418,0.157505631,0.007453650,0.046392828,0.005753458,0.042496204,0.157505631,0.057470411,0.168162286,0.153188080,0.045798928,0.042496204,0.053767949,0.026973993,0.031325042,0.168162286,0.026162803,0.026162803,0.157076269,0.044340044,0.152670175,0.168162286,0.026162803,0.026162803,0.042496204,0.152670175,0.152670175,0.153188080,0.157076269,0.045798928,0.045798928,0.031325042,0.011156112,0.005753458,0.153099537,0.153188080,0.026162803,0.044340044,0.157505631,0.153188080,0.026162803,0.026162803,0.153188080,0.157076269,0.023788214,0.044340044,0.042496204,0.028182477,0.026162803,0.026973993,0.168162286,0.168162286,0.168162286,0.026973993,0.053767949,0.023788214
PT,0.025351753,2.31%,2.76%,0.026481420,0.026481420,0.023875386,0.026481420,0.023875386,0.026481420,0.023875386,0.023875386,0.026481420,0.024491489,0.026767343,0.025910616,0.023875386,0.025910616,0.026481420,0.021794945,0.023875386,0.023875386,0.023920685,0.025910616,0.025910616,0.026481420,0.026481420,0.026481420,0.023875386,0.026481420,0.023875386,0.025910616,0.025910616,0.023875386,0.025910616,0.023875386,0.026481420,0.023875386,0.025910616,0.024400979,0.026481420,0.025910616,0.024491489,0.026767343,0.026767343,0.026481420,0.025910616,0.023920685,0.026481420,0.025910616,0.026481420,0.026767343,0.026767343,0.025910616,0.023875386,0.026481420,0.025910616,0.023875386,0.026481420,0.025910616,0.026481420,0.023875386,0.024491489,0.026481420,0.023875386,0.023875386,0.026767343,0.023875386,0.023875386,0.026481420,0.023875386,0.026481420,0.026481420,0.023875386,0.026481420,0.021794945,0.023875386,0.026481420,0.025910616,0.026481420,0.025910616,0.026767343,0.025910616,0.026767343,0.025910616,0.023875386,0.026767343,0.023875386,0.024777412,0.026481420,0.026481420,0.026481420,0.025910616,0.023875386,0.026481420,0.025910616,0.025910616,0.026481420,0.023875386,0.026481420,0.023875386,0.026481420,0.025910616,0.026481420,0.026767343,0.026481420,0.026481420,0.026767343,0.025910616,0.026481420,0.025910616,0.026481420,0.025910616,0.023875386,0.023875386,0.024491489,0.026767343,0.024777412,0.023875386,0.026481420,0.025910616,0.026481420,0.025910616,0.026481420,0.021794945,0.021794945,0.025910616,0.026481420,0.026767343,0.026481420,0.026481420,0.026767343,0.021794945,0.023875386,0.025910616,0.026767343,0.023875386,0.023875386,0.023875386,0.025910616,0.026481420,0.026767343,0.026481420,0.025910616,0.026767343,0.023875386,0.023920685,0.026481420,0.023875386,0.024491489,0.021794945,0.026481420,0.026481420,0.023875386,0.025910616,0.023875386,0.026481420,0.023875386,0.026481420,0.024491489,0.023875386,0.021794945,0.026481420,0.025910616,0.026481420,0.026481420,0.025910616,0.026481420,0.026767343,0.025910616,0.025910616,0.025910616,0.021794945,0.026481420,0.024491489,0.026767343,0.026481420,0.026481420,0.021794945,0.026767343,0.026767343,0.026481420,0.025910616,0.024777412,0.025910616,0.023875386,0.025910616,0.021794945,0.023875386,0.023875386,0.023875386,0.026481420,0.025910616,0.026481420,0.025910616,0.026481420,0.026767343,0.025910616,0.025910616,0.021794945,0.026767343,0.025910616,0.025910616,0.025910616,0.023875386,0.026767343,0.026767343,0.026481420,0.026481420,0.026767343,0.023875386,0.026481420,0.026481420,0.025910616,0.026481420,0.023875386,0.023920685,0.026481420,0.026481420,0.023875386,0.025910616,0.025910616,0.023875386,0.025910616,0.026767343,0.023875386,0.026481420,0.024491489,0.026767343,0.026481420,0.025910616,0.026767343,0.023875386,0.026481420,0.023875386,0.024491489,0.024777412,0.026481420,0.025910616,0.026481420,0.025910616,0.023875386,0.023875386,0.023920685,0.023875386,0.024777412,0.026481420,0.026481420,0.025910616,0.025910616,0.026481420,0.026481420,0.024491489,0.025910616,0.026481420,0.026481420,0.023875386,0.021794945,0.021794945,0.023875386,0.024491489,0.026481420,0.023875386,0.025910616,0.023920685,0.023875386,0.025910616,0.026767343,0.026481420,0.026767343,0.023875386,0.023875386,0.026767343,0.025910616,0.023875386,0.023875386,0.026481420,0.024777412,0.023875386,0.021794945,0.025910616,0.024491489,0.023920685,0.026481420,0.025910616,0.026767343,0.026481420,0.026481420,0.023920685,0.024400979,0.023875386,0.026481420,0.023920685,0.026481420,0.025910616,0.025910616,0.023875386,0.026481420,0.021794945,0.025910616,0.026481420,0.024400979,0.026481420,0.021794945,0.024491489
PRD,0.027404948,0.00%,5.95%,0.015862793,0.012159079,0.034223318,0.064830542,0.004625738,0.018000662,0.064830542,0.071640640,0.029237717,0.004909575,0.064830542,0.022672862,0.015862793,0.015862793,0.019624144,0.022672862,0.012159079,0.022672862,0.029237717,0.061088920,0.029237717,0.022672862,0.029237717,0.034223318,0.022672862,0.019624144,0.019907981,0.015862793,0.019907981,0.022672862,0.022672862,0.022672862,0.022672862,0.015862793,0.029237717,0.004909575,0.004625738,0.022672862,0.004909575,0.015862793,0.034223318,0.004909575,0.015862793,0.004909575,0.022672862,0.071640640,0.004625738,0.015862793,0.022672862,0.071640640,0.034223318,0.015862793,0.004909575,0.064830542,0.015862793,0.071640640,0.015862793,0.004909575,0.022672862,0.015862793,0.015862793,0.015862793,0.071640640,0.061088920,0.022672862,0.064830542,0.015862793,0.034223318,0.022672862,0.015862793,0.012159079,0.019624144,0.071640640,0.015862793,0.004909575,0.071640640,0.061088920,0.034223318,0.012159079,0.019624144,0.029237717,0.022672862,0.015862793,0.022672862,0.015862793,0.022672862,0.015862793,0.034223318,0.012159079,0.061088920,0.019624144,0.015862793,0.015862793,0.022672862,0.064830542,0.034223318,0.022672862,0.064830542,0.071640640,0.034223318,0.019907981,0.011875242,0.015862793,0.015862793,0.015862793,0.004625738,0.022672862,0.015862793,0.022672862,0.034223318,0.034223318,0.004909575,0.004909575,0.022672862,0.034223318,0.064830542,0.004909575,0.064830542,0.022672862,0.015862793,0.004625738,0.022672862,0.004625738,0.064830542,0.029237717,0.022672862,0.029237717,0.015862793,0.011875242,0.015862793,0.064830542,0.004625738,0.022672862,0.004909575,0.011875242,0.064830542,0.029237717,0.004909575,0.012159079,0.015862793,0.034223318,0.015862793,0.019907981,0.015862793,0.034223318,0.019624144,0.015862793,0.022672862,0.015862793,0.004909575,0.019907981,0.019907981,0.018284500,0.034223318,0.022672862,0.071640640,0.029237717,0.015862793,0.034223318,0.004909575,0.029237717,0.071640640,0.061088920,0.029237717,0.015862793,0.015862793,0.015862793,0.022672862,0.061088920,0.029237717,0.022672862,0.015862793,0.015862793,0.022672862,0.071640640,0.071640640,0.015862793,0.064830542,0.004909575,0.022672862,0.022672862,0.019907981,0.071640640,0.004909575,0.022672862,0.019624144,0.071640640,0.071640640,0.022672862,0.015862793,0.064830542,0.022672862,0.019624144,0.064830542,0.022672862,0.004625738,0.034223318,0.022672862,0.029237717,0.015862793,0.034223318,0.071640640,0.022672862,0.034223318,0.022672862,0.034223318,0.004625738,0.034223318,0.011875242,0.015862793,0.022672862,0.022672862,0.061088920,0.011875242,0.015862793,0.022672862,0.015862793,0.012159079,0.034223318,0.015862793,0.015862793,0.064830542,0.015862793,0.071640640,0.004909575,0.029237717,0.018284500,0.012159079,0.015862793,0.022672862,0.019907981,0.022672862,0.018000662,0.064830542,0.015862793,0.015862793,0.004625738,0.004909575,0.029237717,0.022672862,0.022672862,0.015862793,0.022672862,0.029237717,0.029237717,0.022672862,0.015862793,0.022672862,0.004909575,0.064830542,0.022672862,0.015862793,0.022672862,0.022672862,0.029237717,0.015862793,0.034223318,0.019624144,0.022672862,0.022672862,0.029237717,0.071640640,0.064830542,0.034223318,0.034223318,0.022672862,0.015862793,0.004909575,0.015862793,0.071640640,0.029237717,0.071640640,0.064830542,0.071640640,0.071640640,0.029237717,0.064830542,0.034223318,0.004909575,0.011875242,0.015862793,0.012159079,0.022672862,0.022672862,0.022672862,0.022672862,0.019624144,0.012159079,0.022672862,0.029237717,0.015862793,0.015862793,0.015862793,0.019624144,0.029237717,0.019624144,0.018000662,0.004625738,0.015862793,0.034223318,0.015862793
ES,0.018993503,0.00%,7.79%,0.007883400,0.160224527,0.013868839,0.013868839,0.013868839,0.007883400,0.007883400,0.013585329,0.013585329,0.013585329,0.007811278,0.007811278,0.013868839,0.013585329,0.007811278,0.007811278,0.013868839,0.013868839,0.007811278,0.007811278,0.007811278,0.013868839,0.013868839,0.013585329,0.007811278,0.160224527,0.013585329,0.007811278,0.013585329,0.007883400,0.013868839,0.007811278,0.007883400,0.007883400,0.007811278,0.160224527,0.013868839,0.013868839,0.007811278,0.007811278,0.007883400,0.013868839,0.007811278,0.007811278,0.013868839,0.007811278,0.013585329,0.007811278,0.013868839,0.013585329,0.007811278,0.007811278,0.007811278,0.013585329,0.007811278,0.013868839,0.007883400,0.007811278,0.007883400,0.007811278,0.007883400,0.013585329,0.007811278,0.007811278,0.013868839,0.007811278,0.007811278,0.160224527,0.007883400,0.013868839,0.007883400,0.007811278,0.007811278,0.013585329,0.013585329,0.013585329,0.013585329,0.007811278,0.160224527,0.013868839,0.013585329,0.013585329,0.007883400,0.007883400,0.007883400,0.160224527,0.007811278,0.007811278,0.007883400,0.007883400,0.007811278,0.007811278,0.013868839,0.007811278,0.013868839,0.007811278,0.007883400,0.007883400,0.007811278,0.007811278,0.007883400,0.007883400,0.007811278,0.013585329,0.007883400,0.007883400,0.007811278,0.007883400,0.007883400,0.007811278,0.007811278,0.007811278,0.007883400,0.013868839,0.007811278,0.160224527,0.007811278,0.007811278,0.013868839,0.013868839,0.007811278,0.007883400,0.013868839,0.007811278,0.007811278,0.013585329,0.007811278,0.007811278,0.013868839,0.007883400,0.007811278,0.013585329,0.007811278,0.013868839,0.160224527,0.007883400,0.013585329,0.007883400,0.160224527,0.013868839,0.160224527,0.013868839,0.007811278,0.007811278,0.007811278,0.013585329,0.007811278,0.007811278,0.013868839,0.160224527,0.013868839,0.013585329,0.007811278,0.007883400,0.007811278,0.007811278,0.007811278,0.007811278,0.007811278,0.007883400,0.007883400,0.013868839,0.007883400,0.013868839,0.013585329,0.007883400,0.013868839,0.013868839,0.007811278,0.007883400,0.007811278,0.013868839,0.013868839,0.013585329,0.013585329,0.007883400,0.007883400,0.007811278,0.013868839,0.007811278,0.013585329,0.007811278,0.007811278,0.007811278,0.013868839,0.007811278,0.013868839,0.013868839,0.007883400,0.013585329,0.160224527,0.007811278,0.007811278,0.007811278,0.013585329,0.013585329,0.013585329,0.013868839,0.007811278,0.007811278,0.007811278,0.013585329,0.013868839,0.160224527,0.007811278,0.160224527,0.007811278,0.007883400,0.007811278,0.007811278,0.007811278,0.007811278,0.007811278,0.007883400,0.013868839,0.007811278,0.007811278,0.013585329,0.013868839,0.013585329,0.013585329,0.007883400,0.160224527,0.007883400,0.007811278,0.007811278,0.013868839,0.013868839,0.007883400,0.013868839,0.007883400,0.007883400,0.007883400,0.013868839,0.007883400,0.007883400,0.007883400,0.007883400,0.007811278,0.007811278,0.013868839,0.007883400,0.007811278,0.007811278,0.007811278,0.007811278,0.013868839,0.160224527,0.013868839,0.013585329,0.013868839,0.007883400,0.007883400,0.013868839,0.007811278,0.007811278,0.007811278,0.013585329,0.013868839,0.007811278,0.013585329,0.007811278,0.007811278,0.013585329,0.007811278,0.007883400,0.013585329,0.013868839,0.007883400,0.013868839,0.007883400,0.007811278,0.007811278,0.007883400,0.013585329,0.007811278,0.160224527,0.013585329,0.013868839,0.007811278,0.007883400,0.013868839,0.007811278,0.007811278,0.007811278,0.160224527,0.007883400,0.007811278,0.007811278,0.007883400,0.007883400,0.007811278,0.007811278,0.007883400,0.007811278,0.013868839,0.013868839,0.007811278,0.013868839,0.013585329,0.007883400
RSP,0.023199971,0.00%,5.90%,0.005170822,0.001342416,0.026204169,0.005170822,0.056394339,0.001333714,0.001333714,0.024995685,0.001342416,0.005170822,0.068384737,0.024435788,0.005170822,0.005170822,0.001333714,0.008873284,0.005170822,0.005170822,0.029346734,0.022375762,0.001342416,0.052568436,0.051789641,0.055492103,0.051828265,0.056394339,0.025644273,0.043206036,0.010838985,0.008873284,0.026204169,0.029906631,0.003962338,-0.001800239,-0.001800239,0.029906631,0.056394339,0.005170822,0.005170822,-0.001800239,0.003962338,0.052652717,0.005170822,0.025644273,-0.001800239,0.008873284,0.026204169,-0.001800239,0.052652717,0.010838985,0.026204169,0.005170822,0.044414520,0.008873284,0.008873284,0.025644273,0.005170822,0.056394339,0.029906631,0.005170822,0.010838985,0.005170822,0.005170822,0.026204169,0.052568436,0.022375762,0.056394339,0.010838985,0.010838985,0.026204169,0.005531371,0.056394339,0.024435788,0.003962338,0.051268369,0.068384737,0.025644273,0.001342416,0.025644273,-0.001800239,0.001333714,0.052652717,0.053128332,0.075759858,0.000620395,0.001333714,0.056394339,0.005170822,0.001342416,0.025644273,0.026204169,0.051268369,0.051789641,0.051268369,0.029346734,-0.001800239,0.052652717,-0.001800239,0.001333714,0.001342416,0.005531371,0.052652717,0.024995685,0.008873284,0.005531371,0.052652717,0.051789641,0.025644273,0.024995685,0.055492103,0.005170822,0.005531371,-0.001800239,0.005170822,0.052652717,0.005170822,0.005170822,0.052652717,0.003962338,0.026204169,0.024995685,0.068384737,0.003962338,0.001333714,0.024995685,0.008873284,0.005170822,0.005170822,0.044414520,0.001342416,0.051789641,0.040523857,0.005170822,0.051789641,0.052652717,0.056394339,0.052568436,0.005170822,0.001342416,0.001342416,0.003962338,0.005170822,0.005170822,0.000620395,0.008873284,0.005170822,0.003962338,0.056394339,0.010838985,0.052568436,0.077059925,0.052652717,0.010838985,0.026204169,0.051268369,0.010838985,0.000620395,0.001342416,0.048116982,0.000620395,0.001333714,0.051828265,0.001342416,0.010838985,0.044414520,0.008873284,0.052652717,0.008873284,0.001333714,0.026204169,0.010838985,0.005170822,0.008873284,0.077059925,0.051789641,0.026204169,0.005170822,0.005170822,0.001333714,0.001333714,0.029346734,0.001333714,0.051789641,0.005531371,0.001333714,0.052652717,0.005170822,0.005531371,0.029906631,0.010838985,0.056394339,0.005170822,0.005170822,0.005170822,0.025644273,0.056394339,0.026204169,0.010838985,0.051789641,0.010838985,0.005170822,0.022375762,0.052568436,0.022375762,0.069684803,0.001333714,0.021815866,0.043206036,0.051828265,0.021815866,0.005170822,0.010838985,0.001333714,0.052652717,0.043206036,0.040523857,0.026204169,0.029346734,0.052652717,0.001333714,0.008873284,0.026204169,0.005170822,0.008873284,0.001333714,0.024995685,0.003962338,0.003962338,0.051268369,0.001342416,0.053128332,0.005170822,0.001333714,0.008873284,0.001333714,0.056394339,0.051828265,0.005170822,0.051268369,0.005531371,0.024995685,0.024435788,0.069684803,0.003962338,-0.001800239,0.025644273,0.005170822,0.029906631,0.044414520,0.051268369,0.052652717,0.005531371,0.029906631,0.000620395,0.005170822,0.010838985,0.052652717,0.021815866,0.051268369,0.040523857,0.008873284,0.010838985,0.026204169,0.008873284,0.003962338,0.025644273,0.051828265,0.056394339,0.043206036,0.026204169,0.008873284,0.044414520,0.053128332,0.077059925,0.051828265,0.001342416,0.029906631,0.024995685,-0.001800239,0.001333714,0.021815866,0.026204169,0.001333714,0.005170822,0.056394339,0.044414520,0.029346734,0.001333714,0.051268369,0.051828265,0.052652717,0.005170822,0.003962338,0.005170822,0.026204169,0.008873284,0.026204169,-0.001800239,-0.001800239,0.001333714,0.025644273